Clothing_Spend_per_Month,Food_Type,Housing_Type,Energy_Usage_kWh_per_Month,Water_Usage_Liters_per_Day,Transportation_Mode,Consumption_Spend_per_Month,Recycling_Habits,Carbon_Emissions_kgCO2
1360,Non-Vegetarian,Apartment,478,277,Public_Transport,4136,Always,369.63
4272,Vegan,Own_House,69,151,Bicycle,4318,Always,158.86
3592,Vegetarian,Shared_House,322,124,Car,3782,Always,357.03
966,Non-Vegetarian,Shared_House,168,466,Public_Transport,8657,Never,247.745
4926,Vegetarian,Apartment,120,495,Walking,5920,Never,218.61
3944,Mixed,Apartment,53,265,Bicycle,7324,Never,180.81
3671,Non-Vegetarian,Dormitory,270,456,Car,7327,Always,378.645
3419,Vegetarian,Apartment,63,448,Car,9417,Sometimes,282.675
630,Vegetarian,Dormitory,52,460,Public_Transport,1776,Never,124.18
2185,Vegan,Dormitory,265,252,Car,6208,Never,332.99
1269,Vegetarian,Shared_House,278,241,Public_Transport,1687,Never,239.675
2891,Non-Vegetarian,Shared_House,385,298,Public_Transport,1529,Sometimes,323.95500000000004
2933,Non-Vegetarian,Own_House,235,291,Bicycle,6067,Never,281.71500000000003
1684,Vegan,Shared_House,104,228,Bicycle,9080,Sometimes,160.64
3885,Non-Vegetarian,Shared_House,437,486,Walking,6518,Never,381.74
4617,Mixed,Apartment,425,268,Bicycle,3153,Sometimes,345.335
3404,Non-Vegetarian,Shared_House,303,131,Bicycle,7094,Never,295.06
974,Non-Vegetarian,Own_House,73,141,Public_Transport,7974,Always,190.66
1582,Vegetarian,Apartment,211,484,Bicycle,5774,Always,216.89
3058,Vegetarian,Own_House,207,224,Public_Transport,8692,Always,266.24
2547,Non-Vegetarian,Shared_House,131,288,Public_Transport,4103,Always,200.885
3247,Vegan,Own_House,452,309,Bicycle,3440,Never,356.12
1475,Vegetarian,Apartment,208,440,Walking,5135,Always,208.925
2306,Vegan,Dormitory,237,414,Walking,8124,Sometimes,230.38
689,Non-Vegetarian,Own_House,109,212,Car,6201,Always,280.495
3234,Non-Vegetarian,Own_House,452,97,Car,1844,Always,449.9100000000001
3505,Mixed,Apartment,354,378,Bicycle,1446,Always,290.68
2399,Vegetarian,Apartment,368,377,Walking,4915,Never,306.415
1767,Non-Vegetarian,Own_House,415,165,Public_Transport,4109,Always,351.46500000000003
2028,Mixed,Shared_House,260,478,Car,2234,Sometimes,335.35
3702,Vegetarian,Own_House,455,386,Public_Transport,7587,Always,399.255
4056,Non-Vegetarian,Apartment,201,386,Car,1226,Always,328.99
4390,Non-Vegetarian,Dormitory,158,418,Bicycle,5143,Always,217.015
1146,Vegetarian,Dormitory,125,274,Walking,8185,Sometimes,161.085
3388,Vegetarian,Shared_House,79,401,Car,6558,Always,261.22
2935,Vegetarian,Own_House,363,377,Walking,1186,Sometimes,298.13
1100,Non-Vegetarian,Dormitory,166,196,Public_Transport,3535,Sometimes,193.975
2863,Non-Vegetarian,Own_House,464,112,Bicycle,2932,Always,358.39000000000004
2561,Mixed,Apartment,405,343,Walking,3032,Sometimes,317.92
741,Vegan,Dormitory,241,372,Bicycle,2252,Never,192.77
2541,Vegetarian,Shared_House,68,492,Walking,6509,Always,151.555
3324,Non-Vegetarian,Apartment,481,374,Public_Transport,6074,Always,405.31
3112,Non-Vegetarian,Shared_House,222,62,Public_Transport,2881,Sometimes,239.625
1863,Vegetarian,Apartment,277,480,Bicycle,1269,Sometimes,234.975
1978,Vegan,Dormitory,399,238,Public_Transport,2630,Always,286.83000000000004
3056,Vegetarian,Shared_House,232,336,Car,5405,Never,337.885
1275,Vegan,Shared_House,162,257,Walking,7139,Sometimes,177.295
4514,Non-Vegetarian,Apartment,232,163,Public_Transport,2574,Sometimes,269.66
534,Vegan,Shared_House,195,71,Car,2695,Never,262.365
3652,Mixed,Apartment,368,398,Bicycle,4258,Never,326.71000000000004
2455,Non-Vegetarian,Apartment,165,263,Car,4262,Always,304.01
2085,Mixed,Apartment,162,220,Bicycle,2445,Never,190.075
4443,Vegetarian,Apartment,300,372,Bicycle,7263,Always,291.845
3573,Vegetarian,Dormitory,300,103,Walking,9411,Never,277.93500000000006
1521,Vegetarian,Apartment,352,443,Walking,1052,Sometimes,266.12
3961,Vegan,Own_House,362,347,Car,6570,Always,423.31
3113,Non-Vegetarian,Shared_House,167,369,Walking,8579,Always,230.975
4343,Vegetarian,Own_House,350,175,Walking,2666,Always,298.01
2000,Vegetarian,Dormitory,210,326,Walking,7901,Never,220.805
661,Non-Vegetarian,Own_House,450,253,Car,3785,Sometimes,445.685
4797,Vegetarian,Shared_House,247,243,Public_Transport,1719,Always,247.215
2481,Mixed,Own_House,309,218,Walking,9597,Always,305.695
1495,Non-Vegetarian,Dormitory,197,201,Walking,7855,Always,210.275
3842,Non-Vegetarian,Apartment,289,84,Car,3294,Always,366.09
4298,Non-Vegetarian,Own_House,96,233,Public_Transport,9263,Sometimes,251.445
1775,Mixed,Dormitory,448,335,Walking,5482,Never,335.91
1516,Non-Vegetarian,Dormitory,247,106,Bicycle,1698,Sometimes,204.95
837,Mixed,Shared_House,96,271,Car,8243,Always,256.135
1378,Non-Vegetarian,Shared_House,127,352,Walking,6918,Sometimes,189.47
1576,Vegan,Own_House,173,212,Walking,1348,Always,172.10000000000002
4493,Vegetarian,Apartment,124,68,Bicycle,6374,Never,197.2
879,Vegan,Dormitory,408,419,Bicycle,8869,Never,313.08500000000004
992,Vegetarian,Own_House,186,313,Car,1307,Never,295.105
2562,Mixed,Dormitory,139,331,Car,4416,Always,271.25
4384,Vegan,Dormitory,449,162,Bicycle,5820,Sometimes,333.0400000000001
564,Non-Vegetarian,Apartment,374,376,Car,4558,Never,409.23
3068,Vegetarian,Apartment,110,79,Bicycle,5478,Always,159.52
2527,Vegetarian,Own_House,187,184,Walking,7531,Always,223.125
3195,Vegan,Apartment,99,116,Bicycle,5620,Sometimes,157.85
1995,Mixed,Apartment,308,114,Bicycle,3985,Never,264.575
891,Vegan,Own_House,156,341,Public_Transport,9112,Always,222.02
4974,Mixed,Apartment,162,74,Bicycle,9467,Sometimes,239.275
4061,Mixed,Shared_House,399,86,Bicycle,3547,Never,319.64500000000004
2778,Vegetarian,Dormitory,303,50,Public_Transport,1336,Sometimes,240.96
3599,Vegan,Dormitory,167,448,Car,3979,Sometimes,289.285
700,Vegan,Dormitory,247,86,Public_Transport,4968,Always,202.14
3604,Mixed,Dormitory,386,190,Walking,1910,Always,285.59000000000003
2954,Vegan,Own_House,414,281,Public_Transport,2996,Always,338.07
4145,Non-Vegetarian,Dormitory,100,185,Walking,4129,Sometimes,173.845
1304,Non-Vegetarian,Dormitory,294,438,Car,6447,Always,361.675
3231,Vegan,Dormitory,452,237,Public_Transport,7129,Sometimes,353.305
3273,Vegan,Dormitory,475,177,Public_Transport,6850,Sometimes,360.83
2070,Mixed,Shared_House,84,250,Car,5204,Always,246.22
3190,Non-Vegetarian,Dormitory,351,176,Walking,8446,Never,318.43
4340,Non-Vegetarian,Shared_House,459,306,Public_Transport,9519,Never,423.295
1528,Vegetarian,Own_House,118,213,Walking,1314,Never,161.5
1002,Mixed,Apartment,398,84,Public_Transport,2134,Sometimes,301.39
4993,Vegetarian,Dormitory,369,243,Bicycle,5876,Sometimes,308.46000000000004
1370,Non-Vegetarian,Apartment,470,240,Public_Transport,9102,Sometimes,393.71
4988,Mixed,Apartment,98,153,Car,9347,Always,305.765
706,Vegan,Own_House,454,72,Car,6592,Sometimes,428.12
1984,Mixed,Apartment,123,314,Walking,2724,Always,163.16000000000005
1363,Vegan,Shared_House,241,339,Public_Transport,4343,Always,222.795
3290,Vegan,Apartment,310,479,Walking,1886,Never,271.28000000000003
1063,Mixed,Apartment,405,433,Walking,1721,Never,308.385
4691,Vegan,Apartment,119,309,Bicycle,8678,Never,215.25
2257,Vegetarian,Dormitory,139,463,Bicycle,4357,Always,164.505
2178,Non-Vegetarian,Dormitory,309,407,Car,1870,Always,353.48
3742,Vegan,Shared_House,175,124,Walking,7751,Always,199.875
1559,Vegetarian,Shared_House,280,404,Car,1497,Sometimes,323.27500000000003
2222,Vegan,Dormitory,344,121,Public_Transport,2756,Always,256.55
3814,Non-Vegetarian,Shared_House,468,308,Walking,2117,Never,365.625
3657,Vegetarian,Dormitory,178,447,Walking,3828,Never,207.06
3125,Non-Vegetarian,Own_House,329,237,Public_Transport,2647,Always,318.335
3229,Non-Vegetarian,Apartment,362,222,Public_Transport,7992,Always,346.85
2097,Vegetarian,Apartment,149,339,Car,7771,Never,306.275
3560,Vegetarian,Shared_House,375,94,Car,1142,Always,368.51
3193,Vegetarian,Dormitory,346,110,Public_Transport,3761,Never,289.235
4127,Mixed,Dormitory,231,132,Car,4435,Sometimes,328.045
1863,Vegetarian,Shared_House,223,172,Public_Transport,7622,Never,244.34
2481,Vegetarian,Dormitory,365,407,Walking,8069,Sometimes,300.505
2163,Vegetarian,Own_House,413,65,Walking,5512,Always,316.44
2029,Vegetarian,Apartment,237,115,Bicycle,2848,Always,201.28
2538,Vegan,Shared_House,106,473,Walking,3696,Sometimes,155.51
3802,Mixed,Shared_House,80,194,Public_Transport,2717,Always,166.305
2737,Non-Vegetarian,Dormitory,133,424,Car,4072,Sometimes,287.93
1806,Vegetarian,Shared_House,201,211,Bicycle,3786,Always,183.04
4529,Vegan,Own_House,85,283,Car,4791,Never,290.895
3175,Vegan,Dormitory,262,429,Public_Transport,4871,Always,251.055
1782,Vegan,Dormitory,463,193,Walking,2806,Never,308.0
1209,Non-Vegetarian,Dormitory,457,407,Bicycle,2504,Never,333.46
4913,Vegetarian,Dormitory,413,237,Public_Transport,4308,Sometimes,341.52000000000004
4248,Mixed,Own_House,155,371,Bicycle,8117,Always,246.615
1163,Mixed,Dormitory,463,499,Bicycle,6048,Sometimes,340.82
2498,Vegan,Shared_House,391,62,Walking,9263,Always,299.895
3945,Non-Vegetarian,Own_House,269,233,Public_Transport,2690,Never,309.04999999999995
4243,Non-Vegetarian,Apartment,440,160,Car,4303,Never,466.945
1995,Non-Vegetarian,Apartment,212,464,Bicycle,4113,Always,232.215
3804,Mixed,Shared_House,488,339,Bicycle,8850,Always,388.24
4263,Vegan,Shared_House,269,344,Car,7416,Sometimes,366.41
2353,Vegetarian,Own_House,319,441,Public_Transport,2504,Always,295.1
1791,Mixed,Apartment,169,264,Bicycle,9924,Always,217.73
4081,Vegan,Apartment,443,169,Bicycle,4924,Always,332.88
3957,Vegan,Apartment,385,431,Bicycle,9615,Sometimes,344.195
2136,Vegetarian,Apartment,449,104,Public_Transport,5485,Always,340.985
4196,Vegetarian,Apartment,231,76,Public_Transport,9100,Never,281.76
3499,Vegetarian,Dormitory,155,167,Car,9684,Sometimes,301.76
3652,Non-Vegetarian,Shared_House,266,270,Public_Transport,1191,Sometimes,268.975
1198,Vegetarian,Dormitory,254,280,Public_Transport,9690,Never,261.43
2660,Vegan,Apartment,119,102,Walking,5917,Never,170.785
4597,Vegetarian,Own_House,93,344,Car,6831,Never,313.825
1354,Vegan,Own_House,378,370,Bicycle,5322,Always,300.15
3974,Mixed,Apartment,350,450,Public_Transport,7999,Never,362.235
2207,Non-Vegetarian,Apartment,277,282,Bicycle,8282,Always,278.58
3277,Mixed,Own_House,233,207,Bicycle,2874,Sometimes,246.49
2233,Mixed,Dormitory,156,486,Walking,5763,Sometimes,195.945
4010,Vegan,Dormitory,133,318,Public_Transport,9464,Never,224.82
702,Mixed,Apartment,387,70,Car,2051,Always,366.775
3755,Vegan,Dormitory,299,452,Public_Transport,8538,Never,307.34000000000003
4718,Vegetarian,Own_House,412,102,Bicycle,8411,Never,370.335
4996,Vegetarian,Dormitory,490,324,Car,7320,Always,475.26
1266,Vegan,Apartment,70,362,Public_Transport,3105,Never,151.285
4889,Vegetarian,Own_House,245,330,Bicycle,1307,Sometimes,256.92499999999995
2827,Non-Vegetarian,Dormitory,227,263,Bicycle,8737,Never,258.605
3431,Mixed,Shared_House,466,80,Walking,4359,Always,338.105
697,Non-Vegetarian,Own_House,56,386,Walking,4176,Always,152.64999999999998
2430,Mixed,Own_House,119,232,Walking,2251,Sometimes,179.155
4082,Vegetarian,Shared_House,176,72,Bicycle,6366,Always,199.25
1108,Non-Vegetarian,Shared_House,448,81,Public_Transport,2517,Always,326.71500000000003
3772,Vegetarian,Own_House,209,495,Walking,7226,Sometimes,265.6
1647,Mixed,Shared_House,297,123,Public_Transport,6305,Never,280.145
4782,Vegan,Apartment,252,59,Walking,6869,Sometimes,253.615
3897,Vegan,Apartment,197,103,Car,9039,Never,337.815
3011,Non-Vegetarian,Apartment,192,101,Car,5891,Sometimes,328.115
2294,Vegetarian,Own_House,481,197,Walking,5992,Never,373.25
1159,Vegetarian,Shared_House,248,209,Bicycle,2961,Sometimes,200.845
3311,Non-Vegetarian,Shared_House,454,419,Walking,3863,Never,367.875
1869,Vegan,Dormitory,475,63,Walking,7603,Sometimes,324.855
2486,Mixed,Dormitory,203,227,Bicycle,5567,Never,215.545
646,Non-Vegetarian,Shared_House,425,461,Car,7513,Sometimes,439.5750000000001
3719,Mixed,Shared_House,433,415,Public_Transport,5005,Always,364.465
3411,Vegan,Shared_House,191,102,Walking,1183,Never,183.125
2234,Vegetarian,Own_House,362,457,Bicycle,8755,Sometimes,332.465
2343,Vegan,Shared_House,214,384,Walking,4358,Never,213.92
988,Non-Vegetarian,Dormitory,363,71,Bicycle,7615,Never,293.005
3476,Vegetarian,Own_House,70,79,Public_Transport,7797,Sometimes,195.195
2459,Non-Vegetarian,Shared_House,131,240,Public_Transport,9728,Never,238.23
2885,Non-Vegetarian,Dormitory,118,309,Car,8678,Sometimes,299.19
3419,Vegan,Own_House,180,254,Bicycle,6698,Always,222.88
2302,Non-Vegetarian,Shared_House,136,108,Bicycle,2273,Never,175.285
4561,Vegan,Shared_House,267,313,Car,7653,Always,363.025
3869,Vegetarian,Shared_House,470,61,Car,2096,Never,434.72
762,Vegan,Own_House,354,168,Bicycle,9002,Never,303.03
1123,Vegetarian,Dormitory,452,464,Car,5247,Never,426.665
1516,Vegan,Dormitory,420,339,Public_Transport,6314,Sometimes,321.18
4143,Mixed,Apartment,394,387,Walking,4354,Always,332.05
2549,Mixed,Shared_House,390,297,Public_Transport,1270,Never,319.19
4223,Non-Vegetarian,Apartment,433,403,Car,2186,Sometimes,457.31
3608,Vegan,Apartment,445,176,Bicycle,7305,Never,353.905
4590,Vegan,Dormitory,494,124,Bicycle,3398,Sometimes,343.59
2556,Vegetarian,Own_House,474,410,Public_Transport,7995,Never,413.035
3670,Non-Vegetarian,Own_House,210,253,Bicycle,8299,Always,273.345
2182,Vegan,Dormitory,227,98,Car,5182,Always,288.63
2755,Non-Vegetarian,Own_House,166,128,Public_Transport,3230,Never,243.1
1654,Mixed,Apartment,245,490,Bicycle,7511,Sometimes,258.595
4999,Vegan,Shared_House,432,290,Walking,1128,Never,328.63
3691,Vegan,Dormitory,376,398,Walking,4672,Sometimes,295.67
2196,Non-Vegetarian,Shared_House,135,203,Car,5765,Never,295.935
4491,Vegan,Own_House,338,323,Bicycle,4970,Sometimes,312.41
2148,Non-Vegetarian,Shared_House,130,145,Car,8545,Always,291.45500000000004
1945,Vegan,Own_House,201,263,Public_Transport,6552,Never,250.86
4699,Vegetarian,Own_House,110,343,Walking,1627,Always,184.77500000000003
4423,Non-Vegetarian,Apartment,110,258,Public_Transport,7589,Always,232.575
753,Vegan,Own_House,403,392,Bicycle,3044,Never,308.85
3683,Mixed,Apartment,77,137,Car,3341,Never,263.885
3057,Vegan,Apartment,491,355,Car,6884,Sometimes,470.74
598,Mixed,Apartment,92,313,Car,9185,Sometimes,271.055
2700,Mixed,Dormitory,218,474,Public_Transport,1249,Always,223.445
3461,Vegetarian,Dormitory,472,439,Walking,3925,Sometimes,344.685
4933,Non-Vegetarian,Own_House,135,374,Public_Transport,6043,Sometimes,268.245
4277,Vegan,Apartment,226,477,Public_Transport,1974,Never,259.49
3369,Vegetarian,Dormitory,66,426,Bicycle,8192,Sometimes,161.45
3734,Vegan,Apartment,147,369,Bicycle,3672,Always,185.15
4291,Mixed,Shared_House,247,206,Bicycle,8279,Sometimes,268.105
1456,Non-Vegetarian,Shared_House,147,205,Walking,8531,Always,195.965
4567,Vegan,Shared_House,114,188,Walking,9662,Never,202.88
660,Vegan,Own_House,379,170,Bicycle,2987,Always,272.035
4993,Mixed,Apartment,390,114,Bicycle,1090,Sometimes,313.58
1800,Vegan,Shared_House,54,156,Walking,9721,Never,143.905
4487,Vegan,Dormitory,51,196,Car,5059,Sometimes,232.965
2027,Mixed,Shared_House,71,186,Walking,3773,Never,141.435
1718,Vegetarian,Shared_House,161,460,Walking,9383,Never,215.095
4996,Mixed,Shared_House,106,211,Walking,8409,Sometimes,205.555
3604,Vegetarian,Own_House,115,477,Bicycle,5440,Sometimes,207.09
3235,Non-Vegetarian,Dormitory,379,149,Car,8347,Never,431.035
1454,Vegetarian,Apartment,147,387,Walking,2008,Never,172.43
3946,Vegetarian,Dormitory,193,448,Bicycle,4783,Sometimes,214.775
1545,Non-Vegetarian,Apartment,417,356,Public_Transport,7646,Always,362.48
2193,Vegetarian,Own_House,484,190,Public_Transport,5298,Sometimes,382.42
3936,Mixed,Own_House,174,132,Walking,5668,Never,241.3
1062,Vegetarian,Own_House,216,226,Public_Transport,5287,Sometimes,238.855
2985,Non-Vegetarian,Own_House,135,247,Car,3052,Always,302.46
3854,Mixed,Apartment,125,161,Public_Transport,7009,Sometimes,221.635
725,Non-Vegetarian,Shared_House,393,105,Public_Transport,2716,Never,310.08000000000004
1459,Non-Vegetarian,Apartment,473,228,Car,1310,Sometimes,436.54
3567,Vegan,Dormitory,343,470,Walking,5538,Never,293.36
1315,Vegan,Own_House,493,450,Walking,2260,Never,358.45
3620,Non-Vegetarian,Own_House,108,235,Car,4932,Sometimes,309.11
516,Non-Vegetarian,Dormitory,187,267,Car,1584,Never,279.93
1743,Non-Vegetarian,Apartment,148,462,Car,8616,Never,332.61
2705,Vegan,Shared_House,241,466,Public_Transport,9551,Always,268.605
3024,Vegan,Shared_House,292,365,Car,3866,Always,343.82000000000005
1569,Vegetarian,Dormitory,368,266,Bicycle,6898,Always,274.98
3944,Vegetarian,Shared_House,98,169,Public_Transport,3011,Always,166.945
3065,Non-Vegetarian,Apartment,497,488,Walking,7251,Never,414.805
1560,Mixed,Apartment,81,443,Walking,5939,Sometimes,165.445
2827,Mixed,Dormitory,440,224,Walking,5006,Never,334.5
3920,Vegan,Apartment,326,72,Public_Transport,2625,Never,288.92499999999995
801,Vegan,Own_House,69,262,Bicycle,1890,Never,130.06
4776,Vegan,Dormitory,203,454,Car,7078,Sometimes,334.85
1106,Non-Vegetarian,Apartment,432,284,Car,8036,Always,443.94
3670,Mixed,Dormitory,117,62,Walking,9923,Never,197.915
1199,Vegetarian,Shared_House,415,150,Walking,4961,Never,299.295
1639,Non-Vegetarian,Apartment,421,466,Public_Transport,3504,Always,350.21
690,Vegetarian,Own_House,263,73,Bicycle,9806,Never,261.08000000000004
2800,Vegetarian,Apartment,192,413,Car,4806,Sometimes,316.18
1480,Non-Vegetarian,Dormitory,425,60,Public_Transport,7100,Never,345.8
3475,Vegetarian,Dormitory,281,322,Car,2719,Never,344.945
1684,Mixed,Apartment,262,480,Walking,7686,Always,262.77
3827,Vegetarian,Own_House,128,330,Car,2587,Never,301.70500000000004
3894,Mixed,Own_House,263,143,Bicycle,8000,Never,297.59000000000003
627,Mixed,Own_House,165,250,Bicycle,1896,Sometimes,183.25
2565,Mixed,Dormitory,141,70,Walking,6558,Always,169.94
2316,Vegan,Apartment,319,389,Bicycle,9469,Always,286.95500000000004
1069,Vegetarian,Shared_House,460,260,Bicycle,5647,Sometimes,321.925
2395,Non-Vegetarian,Dormitory,430,189,Public_Transport,3432,Never,345.56
3233,Non-Vegetarian,Own_House,217,342,Car,4904,Always,359.95
4363,Vegetarian,Apartment,107,347,Walking,7837,Always,196.165
4514,Vegan,Own_House,333,450,Walking,2449,Never,311.385
3401,Vegan,Shared_House,75,150,Walking,5500,Never,149.01
2186,Mixed,Own_House,418,353,Walking,6454,Always,348.28000000000003
3509,Vegetarian,Own_House,496,408,Walking,5117,Never,399.075
654,Vegetarian,Shared_House,115,77,Bicycle,9869,Always,152.235
3037,Non-Vegetarian,Apartment,458,90,Public_Transport,3028,Never,374.01
1909,Vegetarian,Dormitory,297,404,Walking,7845,Never,267.015
4557,Vegan,Apartment,303,352,Public_Transport,4758,Sometimes,300.96
1284,Vegetarian,Shared_House,436,195,Public_Transport,6904,Never,342.61
3675,Non-Vegetarian,Own_House,93,305,Bicycle,5624,Sometimes,209.12
4841,Mixed,Apartment,146,276,Walking,9848,Never,249.45
3306,Non-Vegetarian,Dormitory,91,285,Bicycle,1165,Always,146.135
1037,Non-Vegetarian,Shared_House,276,410,Walking,5591,Always,251.825
2341,Mixed,Apartment,311,429,Bicycle,1589,Never,273.305
2955,Non-Vegetarian,Dormitory,216,62,Public_Transport,5524,Never,248.27
1024,Non-Vegetarian,Shared_House,485,259,Walking,3821,Always,339.795
3450,Vegetarian,Dormitory,328,278,Car,7509,Never,389.945
4631,Vegetarian,Shared_House,138,446,Public_Transport,8693,Sometimes,241.075
4615,Mixed,Own_House,428,149,Car,1071,Sometimes,445.455
2868,Vegetarian,Apartment,227,80,Public_Transport,4580,Sometimes,236.58
4347,Vegetarian,Dormitory,476,435,Bicycle,8962,Sometimes,380.53
4995,Non-Vegetarian,Shared_House,452,65,Walking,1268,Sometimes,345.54
3201,Vegan,Dormitory,246,186,Public_Transport,3462,Never,236.62
1471,Vegetarian,Dormitory,356,378,Bicycle,2015,Never,261.685
1666,Vegan,Apartment,316,215,Walking,8984,Sometimes,272.83
3274,Vegetarian,Own_House,317,359,Walking,1406,Never,286.22
2482,Vegetarian,Dormitory,123,489,Public_Transport,8384,Never,212.69
1353,Mixed,Shared_House,57,149,Walking,7049,Sometimes,134.725
4646,Mixed,Shared_House,457,158,Public_Transport,7169,Never,396.2049999999999
4236,Mixed,Own_House,346,392,Walking,8982,Never,359.87
4269,Vegan,Shared_House,213,222,Car,1985,Never,312.71500000000003
1074,Non-Vegetarian,Own_House,134,286,Bicycle,5485,Sometimes,201.965
3761,Vegetarian,Shared_House,121,211,Car,9901,Never,305.665
1648,Vegetarian,Apartment,104,442,Public_Transport,3618,Always,171.17000000000002
2215,Vegetarian,Dormitory,442,265,Car,7289,Always,420.345
4354,Vegan,Apartment,96,313,Public_Transport,7928,Sometimes,209.33
2991,Mixed,Dormitory,448,312,Walking,6368,Always,338.85
3160,Non-Vegetarian,Dormitory,481,341,Walking,5621,Sometimes,369.75500000000005
3624,Vegan,Dormitory,287,323,Public_Transport,8566,Always,281.22
3551,Mixed,Apartment,153,52,Car,5670,Always,295.46
504,Vegan,Dormitory,259,77,Walking,8658,Always,204.18
1376,Non-Vegetarian,Apartment,91,375,Bicycle,2003,Sometimes,155.52499999999998
1491,Mixed,Own_House,365,477,Walking,8504,Sometimes,336.28
4642,Vegan,Shared_House,317,198,Bicycle,3466,Never,274.65000000000003
4864,Non-Vegetarian,Shared_House,435,77,Car,2939,Sometimes,444.685
4965,Vegetarian,Dormitory,312,359,Bicycle,2635,Always,264.275
1135,Non-Vegetarian,Apartment,385,487,Bicycle,9095,Always,336.175
2193,Vegetarian,Shared_House,436,114,Bicycle,7265,Sometimes,321.955
2182,Vegan,Apartment,414,405,Bicycle,2895,Sometimes,306.045
619,Mixed,Apartment,308,70,Walking,7524,Sometimes,258.81
1330,Mixed,Dormitory,332,301,Bicycle,2073,Never,254.71500000000003
4175,Vegan,Shared_House,163,284,Walking,6184,Always,198.37
1869,Mixed,Dormitory,412,276,Bicycle,3402,Never,305.5
1240,Mixed,Dormitory,89,62,Public_Transport,5895,Never,159.475
616,Vegetarian,Shared_House,466,362,Car,8331,Always,433.915
3338,Vegan,Shared_House,269,98,Bicycle,2956,Always,217.56
1650,Non-Vegetarian,Own_House,178,167,Public_Transport,8023,Sometimes,256.46500000000003
2431,Vegetarian,Own_House,57,103,Bicycle,4907,Sometimes,144.995
1512,Vegan,Apartment,150,187,Bicycle,1807,Never,158.505
2164,Vegetarian,Shared_House,465,102,Bicycle,9378,Sometimes,346.13
1581,Non-Vegetarian,Own_House,429,93,Public_Transport,5827,Sometimes,366.595
1012,Non-Vegetarian,Apartment,225,352,Car,5524,Always,330.34000000000003
3349,Vegan,Apartment,156,102,Public_Transport,3284,Always,190.51
1059,Non-Vegetarian,Apartment,150,123,Car,6313,Sometimes,290.805
4172,Vegetarian,Own_House,309,95,Bicycle,1757,Always,267.255
3843,Non-Vegetarian,Shared_House,415,62,Walking,5887,Sometimes,338.46500000000003
4570,Vegetarian,Dormitory,295,214,Bicycle,4854,Always,255.67
1970,Vegetarian,Apartment,324,151,Car,4558,Always,354.54
1080,Non-Vegetarian,Own_House,81,329,Public_Transport,1961,Always,175.055
2794,Vegan,Own_House,186,307,Bicycle,4847,Always,213.025
3647,Mixed,Dormitory,61,386,Public_Transport,7726,Sometimes,187.4
4749,Non-Vegetarian,Dormitory,444,405,Public_Transport,4575,Never,392.615
2179,Vegetarian,Own_House,351,447,Public_Transport,3418,Always,314.23
4006,Vegetarian,Shared_House,424,187,Bicycle,5198,Sometimes,327.40000000000003
3244,Non-Vegetarian,Dormitory,65,212,Public_Transport,2001,Sometimes,158.045
3856,Vegan,Own_House,178,458,Public_Transport,6244,Always,254.18
4545,Vegan,Dormitory,112,436,Bicycle,8119,Never,198.845
1743,Vegetarian,Shared_House,158,160,Public_Transport,5066,Always,184.76
3618,Vegetarian,Apartment,424,151,Bicycle,3845,Sometimes,322.45500000000004
2641,Vegan,Dormitory,70,66,Car,9849,Never,248.955
3559,Mixed,Shared_House,207,317,Car,6316,Sometimes,336.52
3459,Non-Vegetarian,Own_House,318,231,Car,1422,Always,389.75
2765,Vegetarian,Dormitory,211,421,Public_Transport,7715,Never,252.77500000000003
2979,Vegetarian,Dormitory,309,73,Walking,5266,Sometimes,246.77
2135,Vegan,Own_House,461,78,Walking,8549,Sometimes,355.995
2257,Non-Vegetarian,Apartment,151,220,Public_Transport,7316,Sometimes,233.15
4952,Vegan,Own_House,272,458,Walking,3710,Always,279.47
2570,Non-Vegetarian,Dormitory,108,277,Bicycle,9644,Never,201.77
3349,Non-Vegetarian,Own_House,296,427,Walking,9069,Always,325.685
3751,Non-Vegetarian,Shared_House,177,237,Public_Transport,2657,Always,226.145
4230,Vegetarian,Own_House,332,395,Public_Transport,3541,Always,323.255
2989,Mixed,Dormitory,374,279,Bicycle,7763,Never,319.655
2131,Vegan,Own_House,74,370,Car,4075,Always,249.685
3316,Mixed,Apartment,180,389,Public_Transport,4164,Always,235.93
1515,Vegan,Own_House,402,168,Bicycle,3053,Always,292.315
1848,Non-Vegetarian,Apartment,245,205,Walking,9479,Always,261.125
3587,Vegetarian,Shared_House,330,321,Walking,6737,Sometimes,290.605
3339,Mixed,Apartment,453,224,Bicycle,4217,Always,344.67499999999995
835,Vegetarian,Own_House,467,153,Bicycle,2447,Sometimes,324.235
1395,Vegan,Dormitory,203,141,Public_Transport,7009,Always,200.045
4046,Vegetarian,Apartment,431,235,Walking,1607,Never,330.74500000000006
1351,Vegetarian,Shared_House,182,332,Bicycle,5552,Sometimes,188.87
2187,Mixed,Apartment,276,230,Walking,2764,Sometimes,242.69
2431,Non-Vegetarian,Apartment,238,219,Bicycle,3671,Sometimes,240.115
4246,Vegetarian,Apartment,314,236,Walking,7519,Sometimes,296.355
2927,Non-Vegetarian,Shared_House,421,224,Car,4962,Never,443.28
2068,Vegan,Own_House,483,271,Public_Transport,4177,Always,369.115
4500,Vegetarian,Apartment,183,282,Walking,4722,Sometimes,221.71
3238,Mixed,Apartment,260,211,Car,5906,Never,367.46
3998,Vegan,Dormitory,109,470,Walking,8263,Sometimes,186.795
4413,Vegan,Shared_House,477,183,Walking,6054,Always,352.04999999999995
1566,Mixed,Apartment,426,440,Car,1808,Sometimes,417.2
4880,Vegetarian,Shared_House,444,273,Walking,1725,Never,340.575
2944,Vegetarian,Apartment,499,202,Walking,8701,Always,375.045
4607,Vegan,Own_House,480,82,Public_Transport,2216,Never,386.25
3873,Vegetarian,Own_House,413,104,Car,5051,Always,433.185
4469,Non-Vegetarian,Apartment,413,491,Car,3197,Always,454.225
3046,Mixed,Own_House,262,56,Bicycle,3806,Always,250.79
1253,Non-Vegetarian,Apartment,265,293,Walking,9970,Sometimes,277.03
2582,Vegetarian,Own_House,275,362,Public_Transport,1972,Never,281.28
3274,Vegan,Dormitory,180,175,Walking,6634,Never,199.66000000000005
3396,Mixed,Dormitory,125,61,Walking,8483,Never,191.925
4685,Vegetarian,Dormitory,335,65,Bicycle,3123,Always,260.71500000000003
1275,Vegetarian,Shared_House,326,257,Walking,9790,Sometimes,277.55
2125,Vegan,Shared_House,205,92,Public_Transport,1224,Always,184.47
3569,Vegan,Dormitory,297,422,Public_Transport,2814,Never,274.36
917,Non-Vegetarian,Shared_House,267,184,Bicycle,2106,Sometimes,222.4
614,Mixed,Own_House,239,277,Walking,1124,Sometimes,217.61
1116,Mixed,Apartment,466,160,Public_Transport,4246,Sometimes,350.89
4474,Vegan,Apartment,212,356,Walking,3931,Never,238.195
3767,Non-Vegetarian,Apartment,229,209,Walking,3971,Sometimes,249.975
1325,Mixed,Dormitory,83,380,Walking,3017,Sometimes,131.335
2016,Vegan,Shared_House,90,313,Bicycle,8415,Always,152.885
3646,Vegetarian,Own_House,356,274,Walking,3415,Always,302.735
912,Mixed,Own_House,480,266,Public_Transport,4096,Sometimes,375.4
1228,Non-Vegetarian,Dormitory,387,94,Walking,2609,Sometimes,276.025
3848,Non-Vegetarian,Own_House,363,263,Public_Transport,1717,Always,339.21500000000003
3308,Non-Vegetarian,Own_House,124,108,Walking,4561,Always,200.785
1175,Vegetarian,Own_House,490,181,Public_Transport,7782,Always,382.21
3965,Mixed,Own_House,328,153,Public_Transport,2048,Never,321.54
3004,Mixed,Shared_House,225,244,Walking,9307,Never,258.775
3467,Vegetarian,Own_House,433,462,Walking,8905,Always,376.295
3286,Mixed,Apartment,199,206,Public_Transport,6578,Sometimes,253.05
1622,Vegetarian,Dormitory,322,147,Car,2620,Always,325.17
4579,Vegetarian,Shared_House,374,275,Bicycle,7548,Never,331.78
2071,Vegetarian,Own_House,157,461,Car,8381,Sometimes,326.665
2643,Non-Vegetarian,Shared_House,188,254,Car,5780,Never,329.53
2187,Mixed,Own_House,399,128,Walking,4792,Sometimes,324.23
4632,Vegetarian,Apartment,320,173,Bicycle,3941,Never,289.675
4351,Mixed,Dormitory,396,477,Car,6695,Sometimes,441.335
3940,Non-Vegetarian,Own_House,468,267,Walking,7401,Sometimes,406.255
4266,Vegetarian,Own_House,338,53,Car,7197,Sometimes,412.795
2826,Vegan,Own_House,261,139,Car,6450,Sometimes,355.46
3414,Non-Vegetarian,Own_House,430,153,Walking,9975,Never,396.665
4452,Vegan,Dormitory,321,442,Walking,9432,Never,309.28000000000003
1095,Mixed,Dormitory,467,168,Walking,6874,Sometimes,329.72
1228,Mixed,Apartment,115,182,Bicycle,2553,Sometimes,149.14499999999998
1865,Non-Vegetarian,Dormitory,473,361,Car,2012,Never,443.26
4992,Mixed,Own_House,297,145,Walking,9378,Sometimes,325.06
1198,Vegan,Apartment,205,483,Public_Transport,2881,Sometimes,215.535
895,Vegetarian,Apartment,96,380,Car,7799,Sometimes,262.445
4671,Vegetarian,Apartment,472,192,Public_Transport,5586,Always,382.74
4860,Vegetarian,Own_House,250,337,Bicycle,9622,Sometimes,301.06
3002,Non-Vegetarian,Shared_House,197,77,Walking,9430,Always,234.52
2319,Mixed,Own_House,173,327,Public_Transport,7447,Sometimes,255.775
1217,Vegan,Dormitory,50,282,Bicycle,3345,Never,102.995
3282,Mixed,Dormitory,296,66,Walking,1075,Always,226.995
4077,Mixed,Own_House,392,108,Public_Transport,6877,Always,364.055
643,Mixed,Own_House,177,139,Public_Transport,7785,Sometimes,233.305
3640,Vegetarian,Apartment,240,248,Bicycle,5922,Sometimes,245.91000000000005
4991,Vegan,Own_House,116,411,Walking,9090,Always,226.41000000000005
3438,Vegan,Apartment,53,490,Walking,3330,Never,152.03
4136,Mixed,Dormitory,491,75,Public_Transport,5686,Never,389.04
3722,Vegetarian,Apartment,458,74,Public_Transport,2902,Sometimes,351.93
1667,Vegetarian,Own_House,352,443,Public_Transport,5670,Never,333.17
3116,Vegan,Dormitory,343,350,Walking,8143,Never,295.875
1562,Vegetarian,Shared_House,192,388,Bicycle,3059,Sometimes,186.315
2656,Vegetarian,Apartment,240,316,Bicycle,1140,Never,223.06
3482,Vegetarian,Dormitory,70,230,Walking,2789,Sometimes,127.765
3794,Non-Vegetarian,Apartment,276,409,Car,1016,Always,363.97
1656,Mixed,Dormitory,362,117,Bicycle,1464,Sometimes,253.23
1232,Vegan,Dormitory,166,400,Public_Transport,5471,Always,185.175
4830,Vegan,Apartment,486,461,Car,2827,Always,465.985
1453,Non-Vegetarian,Shared_House,351,370,Car,9711,Never,424.585
3039,Mixed,Dormitory,191,98,Bicycle,6956,Never,215.57
3824,Vegan,Dormitory,450,224,Car,1089,Never,414.885
3801,Vegetarian,Dormitory,88,101,Car,5815,Sometimes,248.635
2042,Vegan,Shared_House,442,151,Bicycle,3851,Never,310.725
1691,Vegetarian,Shared_House,404,265,Bicycle,3843,Always,286.375
3493,Non-Vegetarian,Own_House,301,487,Car,7543,Never,437.495
3181,Vegetarian,Apartment,382,237,Public_Transport,6901,Never,344.165
1717,Vegan,Shared_House,256,106,Walking,1969,Sometimes,195.31500000000003
2040,Vegan,Apartment,259,96,Car,2094,Sometimes,307.67
3736,Vegan,Own_House,164,208,Car,7124,Always,317.88
2886,Non-Vegetarian,Apartment,274,223,Public_Transport,8347,Sometimes,306.245
4219,Non-Vegetarian,Shared_House,183,291,Car,4195,Never,336.71500000000003
1888,Mixed,Apartment,300,331,Car,2404,Sometimes,354.95000000000005
2356,Vegan,Shared_House,268,290,Walking,7940,Always,241.76
1865,Vegetarian,Apartment,456,419,Walking,5290,Never,349.05
999,Non-Vegetarian,Shared_House,492,54,Walking,4982,Always,338.6
2180,Vegan,Shared_House,140,133,Bicycle,6555,Sometimes,166.225
1010,Vegan,Apartment,403,357,Bicycle,8954,Sometimes,316.72
4812,Non-Vegetarian,Own_House,425,410,Walking,5713,Always,387.185
1824,Mixed,Dormitory,95,297,Walking,4092,Never,151.05
1655,Non-Vegetarian,Own_House,87,103,Bicycle,5159,Sometimes,173.495
2327,Non-Vegetarian,Apartment,191,210,Public_Transport,7308,Sometimes,253.31
3641,Vegetarian,Own_House,149,483,Car,8478,Never,347.45
3986,Vegetarian,Shared_House,377,471,Car,9476,Sometimes,439.29
2310,Mixed,Dormitory,239,460,Walking,5933,Always,232.765
3423,Vegan,Apartment,84,275,Public_Transport,5926,Sometimes,182.11
2714,Non-Vegetarian,Apartment,196,64,Bicycle,4969,Sometimes,220.685
4686,Mixed,Apartment,79,273,Walking,3965,Never,184.835
1213,Vegetarian,Dormitory,383,110,Public_Transport,5319,Always,283.225
4102,Non-Vegetarian,Shared_House,133,171,Public_Transport,9975,Never,253.445
4634,Vegan,Apartment,418,326,Public_Transport,8108,Sometimes,374.68
4022,Vegetarian,Own_House,330,95,Bicycle,4939,Sometimes,297.165
4768,Vegetarian,Apartment,473,439,Bicycle,1044,Never,366.35
1743,Vegetarian,Apartment,393,343,Car,2810,Never,400.13
4209,Mixed,Apartment,319,111,Car,5566,Never,399.97
1581,Vegan,Apartment,203,135,Public_Transport,2909,Always,196.105
955,Non-Vegetarian,Shared_House,151,495,Public_Transport,7364,Sometimes,226.62
1394,Mixed,Own_House,264,259,Bicycle,3581,Never,256.795
1884,Mixed,Shared_House,199,127,Car,1691,Sometimes,283.145
2458,Mixed,Own_House,481,251,Public_Transport,1931,Always,374.785
3572,Vegetarian,Apartment,132,351,Car,8910,Always,306.32
2496,Vegan,Dormitory,159,446,Car,7382,Always,286.17
4785,Mixed,Shared_House,484,272,Public_Transport,4406,Always,390.48
1004,Non-Vegetarian,Dormitory,436,271,Bicycle,9339,Sometimes,340.785
1714,Vegan,Shared_House,475,52,Public_Transport,2032,Always,317.40000000000003
2031,Non-Vegetarian,Apartment,324,55,Public_Transport,2311,Always,279.115
3940,Vegan,Shared_House,250,142,Car,9579,Never,361.895
1323,Non-Vegetarian,Apartment,333,57,Public_Transport,4121,Always,285.68499999999995
1428,Vegetarian,Shared_House,222,477,Bicycle,2873,Never,210.995
633,Mixed,Apartment,376,284,Public_Transport,7781,Always,319.935
2605,Non-Vegetarian,Apartment,255,157,Bicycle,4748,Always,247.64
4127,Vegan,Own_House,112,210,Bicycle,1277,Never,179.15500000000003
2352,Mixed,Apartment,122,258,Car,2859,Always,264.21500000000003
4675,Mixed,Own_House,300,289,Walking,6929,Sometimes,318.345
3433,Vegan,Apartment,173,380,Walking,7792,Sometimes,221.29
3784,Non-Vegetarian,Dormitory,424,382,Car,5713,Always,445.005
4798,Vegetarian,Apartment,170,99,Public_Transport,5675,Sometimes,233.805
3311,Vegetarian,Dormitory,324,60,Car,2170,Never,348.96000000000004
1750,Non-Vegetarian,Dormitory,480,400,Bicycle,9681,Always,373.405
4012,Mixed,Apartment,447,205,Walking,6308,Always,357.91
1756,Mixed,Dormitory,169,119,Car,3462,Never,275.32
3876,Mixed,Own_House,471,218,Public_Transport,1287,Never,391.595
3986,Mixed,Shared_House,486,321,Car,6953,Never,491.175
4084,Non-Vegetarian,Apartment,366,117,Walking,5282,Always,318.6
1896,Mixed,Dormitory,213,404,Car,2907,Never,310.19500000000005
4137,Vegan,Apartment,473,301,Car,2161,Never,453.725
3830,Mixed,Own_House,335,97,Walking,1129,Sometimes,288.795
3203,Vegetarian,Apartment,314,233,Bicycle,7337,Sometimes,284.865
970,Mixed,Apartment,369,369,Bicycle,3363,Always,281.965
1853,Non-Vegetarian,Dormitory,210,236,Walking,9151,Sometimes,233.585
3283,Vegetarian,Own_House,425,139,Car,6983,Sometimes,449.695
3331,Non-Vegetarian,Shared_House,357,495,Walking,1143,Never,309.775
857,Non-Vegetarian,Shared_House,138,381,Bicycle,9207,Never,210.155
3519,Vegetarian,Dormitory,191,188,Public_Transport,8469,Sometimes,234.935
1167,Non-Vegetarian,Apartment,252,406,Car,1244,Sometimes,331.69
4968,Non-Vegetarian,Dormitory,358,138,Bicycle,1926,Sometimes,297.71000000000004
1645,Mixed,Dormitory,276,323,Car,4178,Always,328.99
4685,Vegan,Dormitory,492,68,Walking,3176,Always,334.63
4219,Non-Vegetarian,Apartment,383,360,Public_Transport,6002,Always,364.2
3245,Non-Vegetarian,Own_House,271,407,Walking,1886,Sometimes,280.23
1039,Non-Vegetarian,Dormitory,90,423,Public_Transport,9532,Sometimes,196.7
3279,Mixed,Apartment,245,203,Car,4398,Always,339.93
4636,Vegan,Own_House,117,439,Car,9497,Always,326.795
4275,Vegetarian,Dormitory,313,309,Walking,3654,Sometimes,265.47
3008,Mixed,Shared_House,51,157,Public_Transport,8392,Never,182.89
3279,Mixed,Own_House,410,420,Public_Transport,2371,Always,358.145
1424,Vegan,Dormitory,174,334,Car,8135,Sometimes,286.115
3456,Vegan,Own_House,159,108,Walking,1320,Sometimes,183.56
2081,Mixed,Own_House,135,174,Public_Transport,5654,Never,225.28
3824,Vegetarian,Own_House,474,403,Car,6300,Sometimes,489.39
4985,Mixed,Own_House,169,322,Bicycle,7761,Sometimes,261.755
755,Vegan,Own_House,176,156,Walking,7854,Always,195.12
2338,Vegetarian,Own_House,304,348,Bicycle,6505,Always,282.805
2444,Vegan,Dormitory,232,294,Walking,7553,Never,227.905
509,Vegetarian,Shared_House,65,385,Car,5042,Never,229.55
3371,Non-Vegetarian,Apartment,111,499,Public_Transport,8498,Sometimes,244.15
1297,Vegan,Own_House,418,467,Public_Transport,7636,Always,356.0
1515,Vegan,Apartment,481,296,Public_Transport,8362,Never,382.26
2324,Mixed,Dormitory,207,57,Walking,1011,Never,184.645
4969,Vegan,Own_House,317,190,Car,1194,Never,388.66
3636,Vegan,Shared_House,84,411,Bicycle,3537,Sometimes,151.595
2693,Non-Vegetarian,Apartment,316,57,Car,3842,Always,369.49
723,Vegan,Own_House,113,401,Bicycle,3229,Never,164.925
4658,Non-Vegetarian,Dormitory,99,143,Walking,4009,Always,170.775
4425,Non-Vegetarian,Shared_House,304,370,Walking,8984,Never,327.17
4500,Non-Vegetarian,Apartment,198,476,Bicycle,3077,Never,258.185
2133,Non-Vegetarian,Apartment,374,88,Bicycle,8845,Always,319.45500000000004
2652,Vegetarian,Own_House,353,130,Bicycle,4867,Always,291.355
1010,Mixed,Shared_House,325,236,Car,5873,Always,358.765
884,Vegetarian,Shared_House,406,133,Bicycle,9635,Sometimes,306.665
904,Vegan,Shared_House,221,137,Walking,1297,Never,175.375
2500,Vegetarian,Shared_House,466,291,Walking,6856,Sometimes,346.83000000000004
3256,Vegetarian,Dormitory,250,391,Public_Transport,2015,Always,234.685
2168,Vegan,Shared_House,494,142,Bicycle,2384,Never,330.20000000000005
1960,Vegan,Apartment,442,135,Car,9745,Sometimes,438.575
4136,Vegan,Apartment,373,93,Car,3350,Never,399.26
3224,Vegetarian,Dormitory,84,186,Car,2269,Sometimes,227.385
4678,Vegetarian,Apartment,265,470,Public_Transport,2260,Always,276.58000000000004
2548,Vegan,Apartment,114,123,Walking,8701,Sometimes,174.63500000000002
4646,Mixed,Shared_House,57,85,Car,9376,Never,283.59000000000003
1216,Mixed,Apartment,350,150,Walking,5563,Never,287.475
2323,Non-Vegetarian,Dormitory,392,205,Public_Transport,7897,Never,348.965
2581,Vegan,Shared_House,480,475,Bicycle,6672,Never,365.42
3919,Non-Vegetarian,Own_House,473,304,Bicycle,6593,Always,401.355
2074,Mixed,Shared_House,381,220,Bicycle,7155,Sometimes,308.015
749,Non-Vegetarian,Dormitory,487,265,Car,6543,Always,444.455
1173,Vegan,Shared_House,125,219,Bicycle,8240,Always,156.38
2665,Vegan,Shared_House,223,301,Car,5683,Always,311.615
1270,Vegan,Dormitory,96,409,Public_Transport,2881,Never,150.555
4462,Vegetarian,Shared_House,64,371,Public_Transport,9713,Never,211.235
4863,Non-Vegetarian,Dormitory,410,104,Car,4809,Never,442.875
2484,Mixed,Dormitory,196,481,Walking,6807,Sometimes,223.425
1577,Mixed,Own_House,75,140,Bicycle,5883,Never,169.685
735,Mixed,Apartment,357,327,Bicycle,8206,Sometimes,300.73
888,Vegetarian,Apartment,142,150,Bicycle,5155,Never,168.155
3537,Vegetarian,Shared_House,455,204,Car,5673,Never,448.935
2348,Vegan,Shared_House,281,426,Public_Transport,2409,Always,247.325
3314,Mixed,Own_House,70,398,Bicycle,6197,Always,186.525
3874,Vegetarian,Own_House,356,413,Public_Transport,8452,Always,357.15000000000003
3778,Vegan,Own_House,87,190,Bicycle,9718,Sometimes,196.87
1752,Mixed,Dormitory,325,222,Bicycle,3172,Sometimes,249.48
4481,Non-Vegetarian,Own_House,206,59,Car,1279,Never,347.155
2622,Vegan,Own_House,228,277,Walking,4977,Sometimes,236.455
2650,Vegetarian,Shared_House,181,314,Car,3669,Never,298.545
1829,Vegetarian,Own_House,360,487,Bicycle,8825,Sometimes,329.265
1858,Vegan,Dormitory,397,297,Bicycle,4981,Sometimes,284.33500000000004
2982,Vegan,Dormitory,77,296,Walking,5769,Sometimes,139.46499999999995
2517,Vegetarian,Shared_House,309,204,Public_Transport,6247,Always,276.105
1831,Non-Vegetarian,Own_House,455,83,Public_Transport,5427,Sometimes,379.595
4844,Mixed,Own_House,125,178,Bicycle,7135,Always,223.015
4761,Non-Vegetarian,Dormitory,478,209,Public_Transport,6573,Always,397.425
1858,Vegan,Own_House,116,138,Bicycle,5131,Sometimes,166.635
3677,Non-Vegetarian,Own_House,391,142,Walking,8189,Never,370.315
2628,Vegetarian,Own_House,243,376,Walking,5535,Never,264.255
2680,Vegan,Apartment,211,290,Bicycle,3776,Never,215.68
637,Mixed,Shared_House,396,372,Walking,8697,Sometimes,316.455
3972,Vegetarian,Apartment,488,453,Car,9386,Never,508.3
3332,Vegetarian,Shared_House,410,166,Car,1662,Always,389.93
4079,Mixed,Dormitory,306,143,Walking,9671,Never,299.295
3531,Mixed,Own_House,121,212,Bicycle,9044,Sometimes,224.13
4664,Non-Vegetarian,Shared_House,136,148,Bicycle,5218,Never,215.63
3093,Vegan,Apartment,471,162,Walking,6060,Always,342.33000000000004
4800,Mixed,Own_House,311,408,Public_Transport,6874,Sometimes,350.77
4318,Mixed,Dormitory,263,140,Car,6581,Never,364.585
4638,Vegan,Shared_House,202,395,Public_Transport,3014,Sometimes,237.2
4323,Mixed,Shared_House,259,255,Bicycle,4789,Sometimes,259.425
4542,Mixed,Shared_House,450,66,Bicycle,8148,Sometimes,364.46
2406,Non-Vegetarian,Own_House,110,323,Public_Transport,8766,Never,249.04
1260,Vegetarian,Apartment,317,222,Walking,3364,Sometimes,246.52
3945,Vegetarian,Apartment,311,165,Public_Transport,4629,Never,301.345
1399,Vegetarian,Shared_House,267,398,Public_Transport,6919,Always,256.985
4955,Vegetarian,Dormitory,332,230,Car,6675,Never,400.425
3447,Mixed,Dormitory,185,140,Car,9872,Always,320.83
2219,Vegan,Apartment,429,131,Public_Transport,7638,Never,351.43
780,Vegan,Dormitory,411,373,Public_Transport,5651,Sometimes,307.70500000000004
3766,Non-Vegetarian,Apartment,498,498,Bicycle,1609,Never,394.605
2387,Non-Vegetarian,Shared_House,490,163,Car,8940,Sometimes,481.72
3766,Mixed,Apartment,142,306,Car,4866,Always,300.79
1166,Vegan,Apartment,158,107,Bicycle,1371,Never,152.865
4688,Vegan,Shared_House,290,203,Walking,7998,Sometimes,277.02
1171,Vegetarian,Dormitory,404,414,Car,1615,Always,369.985
2469,Mixed,Apartment,473,453,Car,7911,Always,475.895
4656,Mixed,Apartment,191,165,Walking,7010,Never,250.36
3622,Vegetarian,Shared_House,340,392,Car,3253,Always,377.085
4400,Mixed,Dormitory,481,315,Car,5942,Sometimes,472.46
1023,Mixed,Apartment,286,364,Walking,1864,Always,233.25
2893,Non-Vegetarian,Shared_House,389,252,Walking,2268,Always,302.37
3617,Vegan,Apartment,361,90,Public_Transport,8454,Sometimes,325.94
3093,Mixed,Own_House,226,154,Bicycle,9976,Always,269.01
2468,Non-Vegetarian,Shared_House,190,438,Bicycle,5571,Always,224.435
2253,Vegan,Dormitory,238,427,Walking,6229,Always,216.525
2796,Vegetarian,Dormitory,98,242,Walking,3237,Always,132.745
2761,Non-Vegetarian,Dormitory,351,450,Car,5054,Sometimes,403.38
2786,Non-Vegetarian,Dormitory,418,327,Public_Transport,1935,Always,330.385
4702,Vegan,Apartment,239,403,Public_Transport,7394,Sometimes,286.14
3378,Vegetarian,Apartment,185,286,Walking,8891,Always,227.53500000000005
4643,Non-Vegetarian,Dormitory,92,474,Car,1325,Always,270.255
4144,Mixed,Dormitory,453,270,Car,8774,Always,462.81
4932,Mixed,Dormitory,429,117,Bicycle,4861,Always,331.475
2555,Mixed,Apartment,402,246,Bicycle,2985,Sometimes,311.27500000000003
1776,Vegetarian,Dormitory,139,305,Car,5932,Sometimes,264.67
3266,Non-Vegetarian,Dormitory,344,188,Bicycle,5603,Sometimes,294.575
802,Mixed,Own_House,390,361,Walking,3778,Never,319.96000000000004
1138,Vegetarian,Own_House,294,484,Car,9832,Always,389.24
555,Mixed,Dormitory,482,198,Bicycle,8754,Always,337.72
1025,Vegan,Shared_House,241,148,Public_Transport,5078,Sometimes,218.54
4623,Non-Vegetarian,Dormitory,367,125,Car,2367,Never,407.81500000000005
2625,Non-Vegetarian,Own_House,155,331,Car,5042,Always,323.01
3787,Vegetarian,Shared_House,412,420,Public_Transport,3575,Sometimes,342.745
864,Vegetarian,Shared_House,359,452,Walking,7754,Always,284.51
2146,Non-Vegetarian,Dormitory,431,158,Public_Transport,2581,Always,325.265
1418,Mixed,Own_House,282,237,Car,2986,Sometimes,354.46000000000004
3297,Mixed,Own_House,314,248,Walking,3240,Sometimes,291.07
2031,Vegan,Shared_House,393,352,Bicycle,4966,Always,289.24
3845,Mixed,Dormitory,86,376,Bicycle,8604,Always,180.77
2406,Vegetarian,Apartment,354,203,Bicycle,9320,Sometimes,305.31
3586,Vegetarian,Apartment,90,89,Car,6968,Always,262.65
2575,Mixed,Own_House,66,182,Public_Transport,8493,Always,197.815
1213,Vegetarian,Apartment,393,454,Walking,5103,Sometimes,304.345
1562,Non-Vegetarian,Own_House,326,181,Bicycle,3076,Always,280.55
2476,Non-Vegetarian,Own_House,356,328,Walking,6231,Always,327.815
1796,Mixed,Own_House,108,411,Car,3994,Never,292.48
625,Non-Vegetarian,Apartment,472,133,Bicycle,4744,Sometimes,340.12
4096,Non-Vegetarian,Own_House,232,448,Car,6594,Never,402.33
3783,Vegan,Shared_House,90,291,Public_Transport,8531,Never,202.535
2103,Vegan,Dormitory,88,165,Car,8371,Never,250.135
566,Non-Vegetarian,Dormitory,446,158,Car,2644,Always,397.28
732,Mixed,Own_House,241,270,Public_Transport,4144,Always,249.54
2656,Vegan,Dormitory,316,441,Walking,1242,Never,247.82
1669,Vegetarian,Apartment,196,90,Public_Transport,5085,Never,219.615
2658,Vegetarian,Apartment,444,417,Public_Transport,8954,Never,389.2
4706,Vegetarian,Dormitory,382,196,Car,8269,Always,416.705
1993,Mixed,Apartment,176,161,Walking,8130,Never,221.63
4507,Non-Vegetarian,Dormitory,95,152,Bicycle,7828,Never,199.31
2972,Vegetarian,Dormitory,94,95,Public_Transport,9362,Sometimes,180.78
3160,Mixed,Dormitory,50,461,Walking,9844,Sometimes,171.37
3239,Vegan,Own_House,217,373,Public_Transport,7331,Always,268.695
2261,Non-Vegetarian,Dormitory,157,427,Public_Transport,4512,Sometimes,217.52
4014,Vegan,Own_House,68,320,Public_Transport,2499,Sometimes,180.135
2475,Mixed,Dormitory,381,470,Public_Transport,3158,Sometimes,317.04
2862,Vegetarian,Dormitory,121,434,Car,6162,Always,269.13
1376,Vegetarian,Dormitory,494,244,Walking,5039,Sometimes,330.655
4312,Mixed,Apartment,158,416,Walking,3035,Always,210.59500000000003
3948,Vegetarian,Own_House,317,329,Walking,8977,Never,329.315
1812,Non-Vegetarian,Own_House,494,332,Public_Transport,1857,Sometimes,393.50500000000005
1960,Mixed,Dormitory,289,89,Car,4823,Always,330.165
3209,Vegan,Dormitory,466,496,Public_Transport,7770,Sometimes,376.24000000000007
2824,Mixed,Apartment,350,238,Public_Transport,1298,Never,306.63
2233,Non-Vegetarian,Apartment,139,213,Walking,8244,Always,206.2
2105,Non-Vegetarian,Apartment,152,73,Public_Transport,1923,Always,192.815
3063,Mixed,Own_House,299,73,Bicycle,5232,Always,277.44
3921,Mixed,Own_House,57,53,Public_Transport,5306,Never,196.89
4017,Vegetarian,Own_House,202,372,Bicycle,3799,Never,248.765
2897,Non-Vegetarian,Dormitory,396,339,Public_Transport,7578,Never,361.81
4235,Mixed,Own_House,223,490,Car,5875,Always,375.225
3370,Mixed,Shared_House,392,482,Car,6326,Never,442.93
1660,Non-Vegetarian,Shared_House,207,230,Walking,7582,Sometimes,229.51
742,Mixed,Apartment,480,297,Public_Transport,2802,Never,361.28
3090,Vegetarian,Own_House,264,165,Bicycle,3657,Always,246.935
1563,Non-Vegetarian,Shared_House,226,328,Bicycle,4346,Sometimes,226.76
4824,Vegetarian,Apartment,224,414,Public_Transport,3949,Never,275.685
3095,Vegetarian,Own_House,389,118,Bicycle,1941,Sometimes,303.555
1419,Vegetarian,Dormitory,387,400,Car,2907,Sometimes,374.725
505,Vegetarian,Shared_House,195,303,Bicycle,5837,Always,181.885
967,Non-Vegetarian,Dormitory,499,230,Walking,9105,Sometimes,368.695
4670,Vegetarian,Own_House,373,367,Car,2243,Sometimes,425.265
503,Vegetarian,Shared_House,210,218,Car,6696,Always,289.41
1145,Mixed,Own_House,176,362,Car,2466,Always,297.38
617,Non-Vegetarian,Dormitory,469,298,Public_Transport,4957,Always,347.855
3428,Non-Vegetarian,Shared_House,131,237,Public_Transport,2966,Sometimes,206.46
3051,Vegan,Dormitory,196,103,Car,1375,Sometimes,268.035
4789,Non-Vegetarian,Own_House,288,375,Public_Transport,1262,Sometimes,319.45
1346,Non-Vegetarian,Own_House,461,406,Bicycle,5362,Always,368.57
3262,Vegan,Dormitory,473,362,Public_Transport,7502,Never,379.73
1641,Non-Vegetarian,Shared_House,133,187,Public_Transport,8833,Sometimes,216.425
2310,Non-Vegetarian,Dormitory,162,217,Car,2893,Never,289.415
1223,Non-Vegetarian,Own_House,274,440,Walking,9106,Always,294.26
724,Non-Vegetarian,Dormitory,381,152,Walking,2652,Sometimes,271.1
4708,Vegan,Own_House,427,471,Walking,6540,Never,381.83
2548,Non-Vegetarian,Dormitory,292,134,Bicycle,4892,Sometimes,255.14
4915,Non-Vegetarian,Shared_House,192,366,Public_Transport,1599,Sometimes,251.445
2073,Vegan,Shared_House,90,261,Walking,5815,Sometimes,142.85500000000002
2328,Mixed,Dormitory,472,52,Car,2912,Never,426.44
2417,Vegetarian,Dormitory,307,433,Walking,9792,Always,275.78000000000003
4734,Mixed,Shared_House,496,228,Walking,9572,Sometimes,404.6
2526,Vegan,Own_House,334,391,Public_Transport,5213,Always,310.375
4244,Vegetarian,Shared_House,154,352,Public_Transport,4637,Always,215.225
1401,Vegan,Own_House,251,381,Public_Transport,6599,Never,276.555
2539,Vegan,Dormitory,499,87,Bicycle,7448,Never,351.48
509,Non-Vegetarian,Dormitory,356,469,Bicycle,9557,Always,301.82500000000005
760,Vegetarian,Own_House,380,288,Walking,8382,Sometimes,316.41
2173,Non-Vegetarian,Dormitory,315,218,Public_Transport,9982,Never,320.04
2719,Vegetarian,Own_House,447,446,Walking,4569,Sometimes,358.33500000000004
2560,Vegan,Apartment,259,392,Car,8707,Sometimes,360.735
4213,Vegan,Shared_House,100,363,Car,1746,Sometimes,254.01
2119,Mixed,Apartment,167,355,Public_Transport,9504,Always,242.46
820,Vegetarian,Own_House,250,79,Public_Transport,5633,Sometimes,247.815
1842,Non-Vegetarian,Shared_House,426,239,Car,1920,Always,407.97
2876,Mixed,Own_House,88,406,Public_Transport,8008,Always,220.6
3332,Mixed,Shared_House,77,74,Bicycle,3381,Sometimes,142.425
3324,Mixed,Shared_House,308,161,Bicycle,4618,Sometimes,268.38
2494,Non-Vegetarian,Shared_House,133,460,Public_Transport,9989,Sometimes,244.385
3458,Mixed,Shared_House,204,484,Car,5443,Sometimes,337.995
2538,Non-Vegetarian,Own_House,166,255,Walking,1272,Always,204.99
3990,Mixed,Shared_House,51,234,Public_Transport,2773,Sometimes,160.965
4177,Non-Vegetarian,Shared_House,142,431,Public_Transport,3547,Sometimes,232.055
1618,Vegan,Apartment,215,428,Walking,4164,Always,203.4
2104,Vegan,Dormitory,436,96,Public_Transport,5780,Never,327.74
4527,Vegan,Dormitory,449,423,Walking,1946,Never,335.65
735,Vegan,Apartment,399,277,Car,1506,Always,365.73
2469,Vegan,Apartment,345,88,Bicycle,7719,Never,290.185
4929,Mixed,Own_House,307,65,Car,9435,Always,420.715
2408,Mixed,Own_House,130,71,Bicycle,9697,Sometimes,213.615
875,Mixed,Own_House,474,262,Walking,7360,Sometimes,368.15
4030,Non-Vegetarian,Apartment,317,359,Bicycle,8657,Never,335.035
3135,Non-Vegetarian,Apartment,468,198,Car,4590,Sometimes,465.7
2070,Non-Vegetarian,Shared_House,284,290,Bicycle,2192,Never,255.66
3060,Non-Vegetarian,Own_House,370,321,Walking,2464,Never,333.97
3891,Vegan,Own_House,360,108,Bicycle,1390,Sometimes,288.76
3465,Vegan,Own_House,350,336,Public_Transport,6615,Sometimes,337.02500000000003
4143,Vegan,Dormitory,406,475,Car,7106,Never,438.71
4350,Vegetarian,Shared_House,262,251,Public_Transport,9864,Sometimes,296.37
1372,Mixed,Own_House,111,81,Walking,3560,Always,158.57
1752,Non-Vegetarian,Own_House,98,492,Bicycle,6867,Sometimes,207.955
1814,Non-Vegetarian,Own_House,176,211,Public_Transport,2211,Sometimes,230.245
3398,Vegan,Dormitory,272,304,Public_Transport,2539,Always,240.375
577,Non-Vegetarian,Dormitory,458,303,Bicycle,1643,Sometimes,310.635
3121,Non-Vegetarian,Apartment,328,58,Bicycle,9693,Sometimes,314.07500000000005
4727,Mixed,Shared_House,457,188,Car,9921,Never,492.275
1100,Vegan,Apartment,343,59,Public_Transport,2283,Sometimes,259.365
1565,Mixed,Shared_House,333,263,Public_Transport,8680,Sometimes,308.70000000000005
2636,Vegetarian,Dormitory,326,322,Walking,8345,Always,274.685
2949,Vegetarian,Own_House,487,373,Car,5386,Never,488.57
2843,Vegetarian,Apartment,156,97,Walking,1919,Never,175.875
2363,Vegan,Own_House,195,485,Public_Transport,3339,Never,247.075
1818,Non-Vegetarian,Apartment,469,160,Walking,9947,Sometimes,377.915
4097,Vegan,Dormitory,148,202,Public_Transport,6930,Never,214.72
4262,Vegan,Dormitory,478,172,Public_Transport,6402,Always,364.73
2690,Non-Vegetarian,Dormitory,424,454,Walking,6663,Never,354.915
1492,Mixed,Apartment,122,406,Walking,6275,Always,180.095
3212,Vegetarian,Shared_House,486,151,Bicycle,1507,Never,337.70500000000004
2692,Mixed,Apartment,171,290,Bicycle,2436,Never,204.1
1748,Vegetarian,Shared_House,79,370,Bicycle,9750,Always,159.23000000000002
3554,Vegan,Apartment,237,240,Public_Transport,8354,Never,277.81
4533,Vegetarian,Apartment,413,266,Walking,5516,Never,347.71
2497,Vegan,Dormitory,403,100,Car,4622,Never,389.58
4187,Mixed,Own_House,337,341,Public_Transport,5399,Sometimes,346.915
2651,Vegan,Own_House,244,130,Car,6037,Always,337.695
4518,Mixed,Shared_House,205,432,Walking,9111,Never,272.33500000000004
3610,Non-Vegetarian,Own_House,221,137,Public_Transport,4715,Always,274.525
2470,Non-Vegetarian,Apartment,384,243,Car,8837,Always,435.535
697,Non-Vegetarian,Apartment,90,153,Car,2301,Always,233.625
3126,Vegan,Dormitory,112,320,Bicycle,8370,Never,180.11
1702,Non-Vegetarian,Dormitory,72,145,Bicycle,6185,Never,151.195
2535,Vegetarian,Own_House,409,472,Bicycle,3155,Always,326.725
977,Mixed,Shared_House,124,428,Public_Transport,7411,Sometimes,200.225
1754,Mixed,Own_House,97,247,Walking,7365,Always,182.715
1422,Vegetarian,Own_House,209,50,Walking,1692,Sometimes,192.18
919,Vegan,Own_House,362,456,Bicycle,2478,Always,277.88
2704,Vegan,Own_House,167,427,Bicycle,7396,Always,221.37
3097,Mixed,Apartment,149,216,Bicycle,9448,Always,216.01
1620,Non-Vegetarian,Shared_House,429,175,Car,1441,Never,414.155
3568,Vegan,Apartment,466,362,Bicycle,3646,Sometimes,347.51000000000005
1450,Vegan,Shared_House,457,130,Car,6209,Sometimes,415.545
2836,Vegetarian,Dormitory,216,467,Walking,7533,Always,224.875
2743,Vegetarian,Own_House,339,300,Public_Transport,5677,Never,330.315
3145,Non-Vegetarian,Apartment,489,218,Public_Transport,8211,Never,422.905
2357,Vegan,Shared_House,205,122,Public_Transport,3645,Sometimes,205.395
2365,Vegan,Dormitory,470,190,Public_Transport,9210,Never,369.2
3412,Vegetarian,Dormitory,56,119,Car,8933,Sometimes,245.235
3353,Vegan,Own_House,245,311,Car,6476,Sometimes,361.46
3728,Mixed,Shared_House,470,389,Bicycle,8928,Sometimes,386.37
4219,Vegetarian,Apartment,105,357,Car,3080,Never,282.94
3728,Non-Vegetarian,Own_House,370,294,Bicycle,7089,Sometimes,354.925
2871,Vegetarian,Apartment,242,52,Bicycle,8396,Sometimes,241.79
3391,Vegan,Dormitory,96,386,Public_Transport,8797,Always,187.695
4256,Non-Vegetarian,Apartment,197,112,Car,1861,Sometimes,323.46500000000003
4725,Vegetarian,Apartment,324,98,Car,9346,Sometimes,408.38
594,Mixed,Own_House,206,125,Bicycle,4494,Always,205.16
3174,Mixed,Apartment,251,417,Bicycle,1904,Always,240.11
2455,Vegetarian,Own_House,493,224,Walking,2269,Never,363.595
1293,Mixed,Dormitory,451,158,Walking,1404,Sometimes,295.85
2334,Mixed,Own_House,468,232,Bicycle,2184,Never,359.86
2616,Mixed,Own_House,476,241,Walking,9938,Never,405.9
4606,Non-Vegetarian,Shared_House,175,114,Walking,2725,Always,207.885
3825,Mixed,Apartment,444,386,Bicycle,9462,Never,391.86
3419,Mixed,Dormitory,354,320,Bicycle,6811,Sometimes,303.745
3097,Mixed,Own_House,418,149,Car,6606,Always,447.95
3705,Non-Vegetarian,Dormitory,343,81,Bicycle,4956,Sometimes,289.88
1314,Vegetarian,Shared_House,113,401,Bicycle,1171,Sometimes,135.54500000000002
845,Vegan,Apartment,374,177,Public_Transport,9465,Always,309.125
2849,Mixed,Own_House,441,451,Car,3306,Sometimes,460.5700000000001
862,Vegetarian,Apartment,467,418,Car,1421,Always,412.625
2943,Mixed,Shared_House,225,388,Car,6540,Sometimes,344.03000000000003
2765,Non-Vegetarian,Shared_House,165,92,Public_Transport,5675,Always,218.125
2688,Vegetarian,Dormitory,489,421,Bicycle,7748,Never,371.17
3505,Non-Vegetarian,Own_House,253,468,Car,7103,Sometimes,402.965
3781,Mixed,Dormitory,370,127,Car,2473,Always,379.025
1484,Mixed,Shared_House,80,363,Walking,4243,Sometimes,144.205
2139,Non-Vegetarian,Apartment,437,338,Car,3181,Sometimes,440.195
1327,Vegan,Dormitory,162,319,Bicycle,4096,Sometimes,158.2
3230,Non-Vegetarian,Dormitory,414,211,Bicycle,7646,Always,335.58000000000004
4031,Mixed,Apartment,483,238,Walking,6882,Never,393.12
4951,Non-Vegetarian,Dormitory,374,296,Car,6982,Never,446.22
3435,Vegan,Apartment,463,437,Car,6798,Never,471.69000000000005
4376,Non-Vegetarian,Own_House,425,265,Car,9415,Always,494.085
626,Vegan,Apartment,393,364,Public_Transport,9411,Never,338.015
3677,Vegan,Own_House,492,462,Car,9456,Always,505.65
3556,Non-Vegetarian,Apartment,116,388,Bicycle,5524,Sometimes,208.08
1103,Non-Vegetarian,Shared_House,124,439,Bicycle,7559,Sometimes,192.775
3949,Vegetarian,Shared_House,94,426,Public_Transport,8620,Never,218.39
4646,Mixed,Own_House,309,482,Public_Transport,3774,Always,331.43
4033,Vegan,Own_House,203,217,Car,6673,Sometimes,343.545
3867,Vegetarian,Shared_House,204,388,Walking,4124,Always,215.69000000000003
3868,Non-Vegetarian,Own_House,479,242,Public_Transport,9671,Always,436.1350000000001
4297,Mixed,Apartment,412,332,Public_Transport,2353,Sometimes,354.835
2292,Vegetarian,Apartment,497,385,Car,4854,Always,457.44
3361,Vegan,Shared_House,283,439,Car,9134,Sometimes,377.73
3976,Vegetarian,Dormitory,100,62,Public_Transport,1924,Sometimes,154.98
3917,Vegan,Apartment,355,289,Walking,3170,Sometimes,289.47
2145,Non-Vegetarian,Own_House,311,369,Public_Transport,6506,Always,325.42999999999995
1705,Mixed,Dormitory,364,495,Car,3395,Sometimes,383.275
3530,Mixed,Dormitory,174,196,Car,9220,Always,315.70000000000005
3372,Mixed,Apartment,448,253,Public_Transport,9226,Sometimes,394.0
3572,Non-Vegetarian,Apartment,294,129,Walking,6515,Sometimes,289.245
2354,Vegan,Dormitory,79,428,Public_Transport,3670,Never,157.79
4521,Non-Vegetarian,Dormitory,475,92,Public_Transport,4365,Never,389.135
3208,Mixed,Shared_House,171,138,Car,1588,Never,289.92
4002,Non-Vegetarian,Own_House,174,197,Walking,4138,Always,235.06
1832,Non-Vegetarian,Shared_House,86,144,Bicycle,7663,Always,161.83499999999998
701,Non-Vegetarian,Apartment,219,477,Walking,5086,Sometimes,233.29
4007,Vegan,Shared_House,173,200,Public_Transport,9531,Sometimes,239.225
4712,Vegetarian,Shared_House,406,51,Public_Transport,5270,Sometimes,339.02000000000004
1074,Vegetarian,Shared_House,84,425,Public_Transport,7019,Sometimes,169.085
1036,Non-Vegetarian,Shared_House,136,71,Walking,1556,Always,144.69
2125,Vegetarian,Own_House,183,420,Car,9022,Sometimes,341.36
2622,Vegetarian,Own_House,245,362,Public_Transport,6452,Sometimes,281.58
885,Non-Vegetarian,Dormitory,323,377,Public_Transport,4567,Never,292.035
3781,Non-Vegetarian,Apartment,250,56,Walking,4899,Sometimes,257.605
974,Mixed,Shared_House,418,255,Bicycle,7477,Sometimes,318.875
917,Vegetarian,Dormitory,334,489,Bicycle,8500,Sometimes,275.62
4100,Vegan,Dormitory,126,424,Car,2016,Always,257.78
1454,Non-Vegetarian,Dormitory,108,163,Car,7470,Never,274.04
1705,Mixed,Own_House,480,321,Public_Transport,3062,Sometimes,380.91
4620,Vegan,Shared_House,175,132,Walking,5321,Sometimes,201.905
2490,Vegetarian,Shared_House,450,228,Public_Transport,4496,Never,351.28000000000003
4072,Mixed,Apartment,158,259,Car,2813,Sometimes,304.235
4880,Non-Vegetarian,Shared_House,273,377,Walking,7256,Always,295.43
4658,Vegan,Shared_House,327,173,Walking,3313,Sometimes,270.295
3213,Non-Vegetarian,Dormitory,117,162,Car,2231,Always,257.385
2703,Vegetarian,Apartment,118,61,Bicycle,6831,Always,165.735
3620,Vegan,Shared_House,214,175,Bicycle,3999,Sometimes,206.945
1466,Vegetarian,Own_House,354,102,Walking,4440,Never,288.96
3932,Vegetarian,Shared_House,446,380,Public_Transport,5056,Always,361.6
1188,Mixed,Dormitory,211,438,Bicycle,1305,Never,195.805
4743,Non-Vegetarian,Own_House,414,332,Public_Transport,2689,Sometimes,386.975
4201,Vegan,Dormitory,391,189,Bicycle,4917,Always,294.045
841,Vegetarian,Shared_House,358,450,Bicycle,8080,Sometimes,290.31
2224,Vegetarian,Own_House,428,439,Public_Transport,9611,Never,396.245
4922,Vegan,Apartment,392,146,Car,3936,Sometimes,414.7
2292,Vegetarian,Apartment,484,54,Bicycle,4862,Sometimes,339.43
2259,Mixed,Own_House,436,106,Bicycle,6649,Always,346.635
3712,Mixed,Own_House,91,461,Public_Transport,4261,Sometimes,219.475
1489,Mixed,Dormitory,403,383,Car,2819,Sometimes,392.135
2762,Mixed,Own_House,465,118,Bicycle,2342,Sometimes,350.23
2982,Vegetarian,Dormitory,158,167,Bicycle,6560,Always,177.46999999999997
1451,Vegan,Shared_House,100,425,Car,3226,Never,244.39
1222,Vegan,Dormitory,299,108,Bicycle,2079,Never,212.515
3889,Vegan,Own_House,390,82,Car,5206,Sometimes,421.52
2579,Vegan,Own_House,479,367,Car,7280,Always,472.54
3217,Non-Vegetarian,Shared_House,432,99,Public_Transport,8235,Sometimes,374.295
2832,Vegan,Own_House,70,417,Walking,1813,Never,158.235
3876,Non-Vegetarian,Own_House,349,68,Car,6089,Always,424.605
2000,Non-Vegetarian,Apartment,188,263,Public_Transport,3031,Never,237.305
785,Mixed,Apartment,408,246,Walking,9514,Never,336.72
3995,Non-Vegetarian,Shared_House,373,428,Bicycle,6911,Always,337.405
2565,Vegetarian,Dormitory,434,499,Walking,3653,Always,313.365
1268,Non-Vegetarian,Apartment,141,96,Car,4340,Sometimes,277.18
3557,Mixed,Dormitory,496,216,Car,8876,Sometimes,481.25
4789,Non-Vegetarian,Own_House,329,338,Car,2141,Never,429.995
2661,Vegetarian,Apartment,174,190,Car,9558,Always,313.4
3793,Vegetarian,Shared_House,446,133,Car,3897,Always,422.065
1446,Vegetarian,Shared_House,160,231,Public_Transport,5041,Sometimes,191.215
3835,Mixed,Shared_House,403,440,Car,3038,Never,434.54
4650,Mixed,Apartment,188,128,Public_Transport,5270,Never,258.25
1981,Vegan,Dormitory,484,264,Bicycle,5683,Sometimes,330.925
2401,Mixed,Own_House,322,63,Car,1494,Always,363.13
3951,Vegetarian,Dormitory,148,264,Car,8116,Sometimes,299.79
4564,Vegetarian,Dormitory,301,452,Walking,2784,Sometimes,265.16
554,Mixed,Own_House,387,177,Bicycle,4510,Sometimes,302.94
2323,Non-Vegetarian,Own_House,153,359,Car,4786,Sometimes,324.11
3962,Mixed,Apartment,263,297,Car,6266,Always,369.8
3579,Mixed,Apartment,298,453,Bicycle,6428,Sometimes,297.08
1332,Vegetarian,Apartment,201,78,Public_Transport,7681,Always,218.625
4908,Vegan,Apartment,299,329,Car,7893,Sometimes,396.995
3306,Vegetarian,Apartment,324,387,Walking,5658,Never,297.7
2990,Vegan,Own_House,214,368,Car,8082,Always,348.21000000000004
827,Vegetarian,Dormitory,390,251,Walking,7869,Never,295.165
3810,Mixed,Apartment,57,410,Walking,8607,Sometimes,187.635
3800,Vegetarian,Apartment,333,106,Car,8669,Sometimes,400.645
4175,Vegetarian,Dormitory,54,441,Car,7219,Sometimes,259.395
3554,Vegetarian,Apartment,194,267,Walking,5534,Always,216.06
2643,Mixed,Dormitory,150,111,Bicycle,6979,Never,191.875
1811,Mixed,Dormitory,213,206,Bicycle,9890,Always,221.86
3691,Mixed,Own_House,423,251,Car,2312,Always,440.02
3038,Mixed,Shared_House,196,66,Public_Transport,3962,Sometimes,221.49
4483,Vegan,Own_House,113,371,Bicycle,3938,Never,204.57
664,Vegan,Shared_House,140,55,Car,4197,Sometimes,235.375
4777,Non-Vegetarian,Shared_House,166,107,Bicycle,6296,Always,222.6
1322,Mixed,Shared_House,403,374,Public_Transport,8204,Sometimes,344.44
1443,Vegan,Apartment,316,461,Car,6730,Never,379.13
4925,Vegetarian,Own_House,359,367,Public_Transport,1126,Sometimes,335.23
1274,Mixed,Shared_House,222,218,Car,6602,Never,325.15
2698,Non-Vegetarian,Dormitory,96,131,Public_Transport,2191,Never,172.485
3656,Non-Vegetarian,Apartment,189,474,Bicycle,3639,Sometimes,240.455
4742,Non-Vegetarian,Own_House,295,482,Bicycle,2366,Always,308.35
4195,Vegetarian,Shared_House,198,268,Public_Transport,7453,Sometimes,251.615
3952,Vegan,Dormitory,295,226,Public_Transport,7671,Always,279.175
1414,Vegetarian,Own_House,444,253,Public_Transport,7683,Always,364.705
1808,Mixed,Own_House,54,120,Car,5539,Sometimes,251.275
4677,Non-Vegetarian,Apartment,233,436,Bicycle,9876,Always,296.95000000000005
1013,Vegetarian,Own_House,69,315,Car,3887,Always,237.315
2420,Vegetarian,Apartment,474,147,Bicycle,5086,Sometimes,341.48
4094,Vegan,Shared_House,95,394,Walking,3261,Sometimes,159.445
1909,Vegan,Apartment,61,340,Car,5180,Sometimes,234.99
3690,Non-Vegetarian,Dormitory,119,257,Bicycle,3841,Always,175.955
4991,Vegetarian,Apartment,66,51,Bicycle,7040,Never,175.66
2055,Vegetarian,Dormitory,420,173,Car,4560,Always,389.5
1304,Vegan,Apartment,196,329,Car,5758,Never,306.28
1779,Vegetarian,Own_House,203,123,Bicycle,1626,Sometimes,196.07
4077,Vegetarian,Shared_House,353,215,Car,6014,Never,405.59
3401,Vegetarian,Dormitory,157,71,Public_Transport,2375,Sometimes,180.435
1887,Vegan,Apartment,285,203,Car,2181,Sometimes,324.925
3261,Non-Vegetarian,Apartment,357,476,Car,6708,Never,443.4500000000001
3179,Mixed,Apartment,401,488,Car,1490,Sometimes,421.64
2606,Non-Vegetarian,Own_House,119,344,Bicycle,4729,Never,216.405
4723,Mixed,Own_House,232,268,Public_Transport,6974,Sometimes,304.0
3268,Vegetarian,Dormitory,299,206,Walking,4534,Always,242.65000000000003
